Date / Time,CPU Usage %,Teperature C
2018-11-11 20:23:58,16.5,53.2
2018-11-11 20:24:09,6,52.1
2018-11-11 20:24:21,5.1,52.1
2018-11-11 20:24:32,4.1,52.1
2018-11-11 20:24:43,5.1,52.1
2018-11-11 20:24:55,5.2,52.6
2018-11-11 20:25:06,5,52.1
2018-11-11 20:25:19,4.6,52.1
2018-11-11 20:25:30,5,52.6
2018-11-11 20:25:41,3.5,52.1
2018-11-11 20:25:53,5.5,52.1
2018-11-11 20:26:04,6.8,52.1
2018-11-11 20:26:17,4.9,52.6
2018-11-11 20:26:28,4.5,52.1
2018-11-11 20:26:40,5.3,52.1
2018-11-11 20:26:51,6.1,52.6
2018-11-11 20:27:03,4.4,51.5
2018-11-11 20:27:15,6.2,51.5
2018-11-11 20:27:26,4.2,52.6
2018-11-11 20:27:37,3.9,52.1
2018-11-11 20:27:49,5.5,51.5
2018-11-11 20:28:01,5.2,52.1
2018-11-11 20:28:12,4.8,51.5
2018-11-11 20:28:24,5.1,51.5
2018-11-11 20:28:35,5.2,51.5
2018-11-11 20:28:47,4.3,52.1
2018-11-11 20:28:58,6.1,52.6
2018-11-11 20:29:09,5.1,52.1
2018-11-11 20:29:21,4.7,51.5
2018-11-11 20:29:32,4.5,52.1
2018-11-11 20:29:44,5.4,51.5
2018-11-11 20:29:55,5,52.1
2018-11-11 20:30:06,5.6,52.1
2018-11-11 20:30:18,4.9,51.5
2018-11-11 20:30:30,6,52.1
2018-11-11 20:30:41,5,52.1
2018-11-11 20:30:53,5.2,52.6
2018-11-11 20:31:04,6.3,52.1
2018-11-11 20:31:16,5.3,52.1
2018-11-11 20:31:28,4.6,52.1
2018-11-11 20:31:39,4,52.1
2018-11-11 20:31:50,4.9,52.6
2018-11-11 20:32:02,6.6,52.6
2018-11-11 20:32:14,4,52.1
2018-11-11 20:32:25,5.6,52.1
2018-11-11 20:32:36,4.9,51.5
2018-11-11 20:32:48,4.8,52.6
2018-11-11 20:32:59,6.6,51.5
2018-11-11 20:33:11,3.7,52.1
2018-11-11 20:33:22,5.6,52.1
2018-11-11 20:33:33,5.3,52.1
2018-11-11 20:33:45,4.4,52.6
2018-11-11 20:33:56,6.4,52.1
2018-11-11 20:34:07,4.7,51.5
2018-11-11 20:34:19,5.3,51.5
2018-11-11 20:34:31,5.7,52.1
2018-12-08 12:52:20,16.8,48.3
2018-12-08 12:52:24,8.2,47.2
2018-12-08 12:52:27,5.6,47.2
2018-12-08 12:52:31,1.6,47.2
2018-12-08 12:52:35,8.3,47.2
2018-12-08 12:52:39,4.4,47.2
2018-12-08 12:52:43,4.8,47.8
2018-12-08 12:52:46,2.3,47.2
2018-12-08 12:52:50,9.5,47.2
2018-12-08 12:52:54,6.6,47.8
2018-12-08 12:52:58,3.8,47.8
2018-12-08 12:53:01,8.8,47.2
2018-12-08 12:53:05,4.8,47.2
2018-12-08 12:53:09,7.7,47.2
2018-12-08 12:53:12,2.9,46.7
2018-12-08 12:53:16,8.8,48.3
2018-12-08 12:53:20,2.5,47.8
2018-12-08 12:53:24,4.2,47.8
2018-12-08 12:53:27,7.7,48.3
2018-12-08 12:53:31,3.2,47.8
2018-12-08 12:53:35,4.8,47.8
2018-12-08 12:53:39,4.3,47.8
2018-12-08 12:53:43,9.9,48.3
2018-12-08 12:53:47,2.2,48.3
2018-12-08 12:53:51,5.7,48.3
2018-12-08 12:53:55,10.6,48.3
2018-12-08 12:53:59,2.4,47.8
2018-12-08 12:54:03,5.8,47.8
2018-12-08 12:54:06,6.3,48.3
2018-12-08 12:54:10,6.1,48.3
2018-12-08 12:54:14,3.4,48.3
2018-12-08 12:54:17,5.4,48.3
2018-12-08 12:54:21,9.4,49.4
2018-12-08 12:54:25,4.5,48.3
2018-12-08 12:54:28,5.4,48.9
2018-12-08 12:54:32,6.1,48.3
2018-12-08 12:54:36,5.2,48.9
2018-12-08 12:54:40,2.1,48.3
2018-12-08 12:54:44,8.8,49.4
2018-12-08 12:54:48,6.1,48.3
2018-12-08 12:54:51,1.7,48.9
2018-12-08 12:54:55,7.4,48.3
2018-12-08 12:54:58,6.7,48.9
2018-12-08 12:55:02,4.9,48.3
2018-12-08 12:55:06,1.7,48.9
2018-12-08 12:55:10,11.4,48.9
2018-12-08 12:55:14,3.8,48.9
2018-12-08 12:55:17,4.7,48.9
2018-12-08 12:55:21,4.3,48.3
2018-12-08 12:55:25,9.6,48.3
2018-12-08 12:55:28,7.7,49.4
2018-12-08 12:55:32,2.4,48.9
2018-12-08 12:55:36,11.2,49.4
2018-12-08 12:55:39,4.6,49.4
2018-12-08 12:55:43,5.1,49.4
2018-12-08 12:55:47,2.6,48.9
2018-12-08 12:55:50,8.8,49.4
2018-12-08 12:55:54,3.7,49.4
2018-12-08 12:55:57,4.7,49.4
2018-12-08 12:56:01,6.5,49.4
2018-12-08 12:56:05,7.2,49.4
2018-12-08 12:56:09,6.3,49.4
2018-12-08 12:56:13,3,49.4
2018-12-08 12:56:17,7.1,49.4
2018-12-08 12:56:20,5.3,49.4
2018-12-08 12:56:24,5.6,48.9
2018-12-08 12:56:28,7.5,49.4
2018-12-08 12:56:31,3.2,49.4
2018-12-08 12:56:36,4.2,49.9
2018-12-08 12:56:39,5.7,49.4
2018-12-08 12:56:43,6.6,49.4
2018-12-08 12:56:46,1.9,49.4
2018-12-08 12:56:50,5.3,50.5
2018-12-08 12:56:54,6.2,49.4
2018-12-08 12:56:57,5.1,50.5
2018-12-08 12:57:01,2.1,49.4
2018-12-08 12:57:04,6.9,49.9
2018-12-08 12:57:08,4.8,49.4
2018-12-08 12:57:11,6.1,49.4
2018-12-08 12:57:15,3.2,49.4
2018-12-08 12:57:19,7.8,49.9
2018-12-08 12:57:22,4.6,50.5
2018-12-08 12:57:26,2.4,50.5
2018-12-08 12:57:29,9.3,50.5
2018-12-08 12:57:33,6.7,50.5
2018-12-08 12:57:37,5.4,49.9
2018-12-08 12:57:41,1.8,50.5
2018-12-08 12:57:45,8.7,50.5
2018-12-08 12:57:49,4.2,50.5
2018-12-08 12:57:52,5.5,49.9
2018-12-08 12:57:56,8.9,49.9
2018-12-08 12:57:59,4.1,50.5
2018-12-08 12:58:04,4.9,49.9
2018-12-08 12:58:07,3.4,49.4
2018-12-08 12:58:11,10.9,50.5
2018-12-08 12:58:14,1.9,50.5
2018-12-08 12:58:18,5.1,51
2018-12-08 12:58:21,5.8,49.9
2018-12-08 12:58:25,9,49.9
2018-12-08 12:58:29,3.1,50.5
2018-12-08 12:58:33,3.5,50.5
2018-12-08 12:58:37,9.5,51
2018-12-08 12:58:40,2.1,49.4
2018-12-08 12:58:44,5.1,50.5
2018-12-08 12:58:47,5.4,50.5
2018-12-08 12:58:51,6.8,50.5
2018-12-08 12:58:54,2,50.5
2018-12-08 12:58:58,6.6,51
2018-12-08 12:59:02,7,50.5
2018-12-08 12:59:05,4.9,51.5
2018-12-08 12:59:09,2.4,51
2018-12-08 12:59:12,6.8,50.5
2018-12-08 12:59:16,7.5,50.5
2018-12-08 12:59:19,4.2,50.5
2018-12-08 12:59:23,5.6,51.5
2018-12-08 12:59:26,6.3,50.5
2018-12-08 12:59:30,8.6,51
2018-12-08 12:59:34,2.8,50.5
2018-12-08 12:59:37,8.1,51
2018-12-08 12:59:41,6.5,50.5
2018-12-08 12:59:45,5.9,51
2018-12-08 12:59:49,1.9,51.5
2018-12-08 12:59:52,12.5,51.5
2018-12-08 12:59:56,4.3,50.5
2018-12-08 12:59:59,5.6,50.5
2018-12-08 13:00:03,5.1,51
2018-12-08 13:00:07,7.6,51
2018-12-08 13:00:10,4.9,50.5
2018-12-08 13:00:14,1.9,50.5
2018-12-08 13:00:17,9.9,51.5
2018-12-08 13:00:21,2.5,51.5
2018-12-08 13:00:24,7.4,51
2018-12-08 13:00:28,3.7,50.5
2018-12-08 13:00:31,9.2,51.5
2018-12-08 13:00:35,1.9,51.5
2018-12-08 13:00:39,4.4,51.5
2018-12-08 13:00:42,5.2,50.5
2018-12-08 13:00:47,5.2,50.5
2018-12-08 13:00:50,5.4,51.5
2018-12-08 13:00:54,3,51.5
2018-12-08 13:00:57,10.6,51
2018-12-08 13:01:01,1.9,50.5
2018-12-08 13:01:05,5.3,51
2018-12-08 13:01:08,8,51.5
2018-12-08 13:01:12,6.9,51.5
2018-12-08 13:01:15,1.9,51.5
2018-12-08 13:01:19,6.9,51.5
2018-12-08 13:01:23,6.7,51.5
2018-12-08 13:01:26,3.7,51.5
2018-12-08 13:01:30,2.6,51
2018-12-08 13:01:34,7.5,51.5
2018-12-08 13:01:38,6.2,51.5
2018-12-08 13:01:41,3.9,51.5
2018-12-08 13:01:45,5.6,51.5
2018-12-08 13:01:48,8.5,51.5
2018-12-08 13:01:52,6.6,51.5
2018-12-08 13:01:55,1.8,51.5
2018-12-08 13:01:59,7.7,51.5
2018-12-08 13:02:03,6.1,51
2018-12-08 13:02:06,7.3,51.5
2018-12-08 13:02:10,2,51.5
2018-12-08 13:02:13,13.6,52.1
2018-12-08 13:02:16,4.3,51.5
2018-12-08 13:02:20,4.6,51.5
2018-12-08 13:02:24,3.3,51.5
2018-12-08 13:02:27,9.4,52.6
2018-12-08 13:02:31,4.4,51.5
2018-12-08 13:02:35,3.5,52.1
2018-12-08 13:02:38,10.3,51.5
2018-12-08 13:02:42,2.4,52.1
2018-12-08 13:02:46,8.1,51.5
2018-12-08 13:02:49,4.6,51.5
2018-12-08 13:02:52,12.4,51.5
2018-12-08 13:02:56,3.6,51
2018-12-08 13:02:59,5.7,51.5
2018-12-08 13:03:03,4.7,51.5
2018-12-08 13:03:07,6.3,51.5
2018-12-08 13:03:10,2.1,51.5
2018-12-08 13:03:14,5.4,51
2018-12-08 13:03:17,7,52.1
2018-12-08 13:03:20,7.1,51.5
2018-12-08 13:03:24,1.9,51.5
2018-12-08 13:03:27,6,51.5
2018-12-08 13:03:31,6.4,52.1
2018-12-08 13:03:35,4.9,51.5
2018-12-08 13:03:39,5.5,51.5
2018-12-08 13:03:42,8.3,52.1
2018-12-08 13:03:46,7.2,51.5
2018-12-08 13:03:49,3.3,51.5
2018-12-08 13:03:53,4.6,52.1
2018-12-08 13:03:56,7,52.1
2018-12-08 13:04:00,4.2,51.5
2018-12-08 13:04:03,1.7,52.1
2018-12-08 13:04:07,10.7,51.5
2018-12-08 13:04:10,4,52.1
2018-12-08 13:04:14,5.7,52.6
2018-12-08 13:04:17,1.5,51.5
2018-12-08 13:04:21,10.5,52.1
2018-12-08 13:04:24,2.3,52.1
2018-12-08 13:04:27,7,52.6
2018-12-08 13:04:31,2,51.5
2018-12-08 13:04:35,8.5,52.1
2018-12-08 13:04:39,1.7,52.1
2018-12-08 13:04:42,5.6,52.1
2018-12-08 13:04:46,8.7,51.5
2018-12-08 13:04:50,5.5,51.5
2018-12-08 13:04:53,2.3,52.1
2018-12-08 13:04:56,3.8,51.5
2018-12-08 13:05:00,7.6,52.1
2018-12-08 13:05:03,3.9,52.1
2018-12-08 13:05:07,6.3,52.6
2018-12-08 13:05:10,3.5,52.1
2018-12-08 13:05:14,9.4,52.1
2018-12-08 13:05:17,1.6,52.1
2018-12-08 13:05:21,5.3,52.1
2018-12-08 13:05:24,8.1,52.6
2018-12-08 13:05:28,6.5,51.5
2018-12-08 13:05:31,5.2,51.5
2018-12-08 13:05:35,5,52.1
2018-12-08 13:05:38,9.8,52.1
2018-12-08 13:05:41,6.2,52.6
2018-12-08 13:05:45,1.9,51.5
2018-12-08 13:05:48,8.3,52.1
2018-12-08 13:05:52,5.9,52.1
2018-12-08 13:05:55,4.4,52.6
2018-12-08 13:05:59,1.5,52.1
2018-12-08 13:06:03,7.6,52.6
2018-12-08 13:06:06,4.4,52.6
2018-12-08 13:06:09,6.6,52.1
2018-12-08 13:06:13,2.8,51.5
2018-12-08 13:06:16,8.9,52.6
2018-12-08 13:06:20,4.4,52.6
2018-12-08 13:06:24,1.7,52.6
2018-12-08 13:06:27,8.3,52.6
2018-12-08 13:06:31,5.9,52.1
2018-12-08 13:06:35,7,52.6
2018-12-08 13:06:38,3.4,52.6
2018-12-08 13:06:42,7.8,52.6
2018-12-08 13:06:46,1.8,52.6
2018-12-08 13:06:49,8.9,52.6
2018-12-08 13:06:53,5.5,52.1
2018-12-08 13:06:56,8.9,52.6
2018-12-08 13:07:00,2.4,52.6
2018-12-08 13:07:03,5.3,52.1
2018-12-08 13:07:07,6.1,52.6
2018-12-08 13:07:10,4,52.6
2018-12-08 13:07:14,6,52.1
2018-12-08 13:07:17,1.9,52.1
2018-12-08 13:07:21,9,52.6
2018-12-08 13:07:24,1.8,52.1
2018-12-08 13:07:28,6.4,52.1
2018-12-08 13:07:32,4.2,52.6
2018-12-08 13:07:35,8.2,52.6
2018-12-08 13:07:39,3.5,52.6
2018-12-08 13:07:42,7,52.1
2018-12-08 13:07:46,7.4,52.6
2018-12-08 13:07:49,6.6,52.6
2018-12-08 13:07:53,2.4,52.1
2018-12-08 13:07:56,7,51.5
2018-12-08 13:08:00,7.9,52.6
2018-12-08 13:08:04,2.4,52.1
2018-12-08 13:08:08,8,52.6
2018-12-08 13:08:11,6.9,52.1
2018-12-08 13:08:14,6.9,52.6
2018-12-08 13:08:18,2.2,52.6
2018-12-08 13:08:21,5.1,52.6
2018-12-08 13:08:25,6.6,52.1
2018-12-08 13:08:28,5.6,52.6
2018-12-08 13:08:32,3.6,52.1
2018-12-08 13:08:35,8.4,52.6
2018-12-08 13:08:38,4.9,52.1
2018-12-08 13:08:42,7.6,52.6
2018-12-08 13:08:45,3.6,52.6
2018-12-08 13:08:49,8.6,52.6
2018-12-08 13:08:53,2.6,52.6
2018-12-08 13:08:56,8.3,52.6
2018-12-08 13:09:00,3.3,52.6
2018-12-08 13:09:03,15.5,52.6
2018-12-08 13:09:06,2.2,52.6
2018-12-08 13:09:10,5.7,52.6
2018-12-08 13:09:14,3.7,52.1
2018-12-08 13:09:17,6.8,52.6
2018-12-08 13:09:21,3.6,52.6
2018-12-08 13:09:24,5.8,52.6
2018-12-08 13:09:28,7.9,53.2
2018-12-08 13:09:31,4.1,52.6
2018-12-08 13:09:34,5.6,52.6
2018-12-08 13:09:38,2.4,52.1
2018-12-08 13:09:41,8.3,52.6
2018-12-08 13:09:45,3.2,53.2
2018-12-08 13:09:48,7.3,52.6
2018-12-08 13:09:52,3.1,52.6
2018-12-08 13:09:55,8.4,52.6
2018-12-08 13:09:59,2,53.2
2018-12-08 13:10:02,5.8,52.6
2018-12-08 13:10:06,8.2,51.5
2018-12-08 13:10:09,8.8,52.6
2018-12-08 13:10:13,1.6,52.6
2018-12-08 13:10:16,6,52.1
2018-12-08 13:10:20,6.8,53.2
2018-12-08 13:10:23,5.7,52.6
2018-12-08 13:10:26,1.9,52.6
2018-12-08 13:10:30,7.6,52.6
2018-12-08 13:10:34,8,52.6
2018-12-08 13:10:37,6.1,52.6
2018-12-08 13:10:40,1.9,53.2
2018-12-08 13:10:44,8.2,52.6
2018-12-08 13:10:47,3.8,52.6
2018-12-08 13:10:50,6.4,52.6
2018-12-08 13:10:54,4.8,52.6
2018-12-08 13:10:57,11.5,52.6
2018-12-08 13:11:01,2,53.2
2018-12-08 13:11:05,6.1,52.6
2018-12-08 13:11:08,3.5,52.6
2018-12-08 13:11:12,8.5,52.1
2018-12-08 13:11:15,3,52.6
2018-12-08 13:11:19,3.8,52.6
2018-12-08 13:11:23,9.3,53.2
2018-12-08 13:11:27,3,53.2
2018-12-08 13:11:30,5.4,53.2
2018-12-08 13:11:34,3.2,52.6
2018-12-08 13:11:38,8.3,52.6
2018-12-08 13:11:41,4.9,52.6
2018-12-08 13:11:45,5.4,52.6
2018-12-08 13:11:48,6.2,53.2
2018-12-08 13:11:52,4.6,52.6
2018-12-08 13:11:55,5.5,52.6
2018-12-08 13:11:59,4,52.6
2018-12-08 13:12:02,10.8,52.6
2018-12-08 13:12:06,4.1,52.6
2018-12-08 13:12:10,3.8,52.6
2018-12-08 13:12:13,4.7,52.6
2018-12-08 13:12:17,8.2,52.6
2018-12-08 13:12:20,4.2,52.6
2018-12-08 13:12:24,6.4,52.6
2018-12-08 13:12:27,6.2,52.6
2018-12-08 13:12:31,7.7,53.2
2018-12-08 13:12:35,2,52.6
2018-12-08 13:12:38,8.2,52.1
2018-12-08 13:12:42,4.8,52.6
2018-12-08 13:12:45,5.4,53.2
2018-12-08 13:12:49,2.3,53.2
2018-12-08 13:12:52,11.8,52.6
2018-12-08 13:12:56,4.5,52.6
2018-12-08 13:12:59,4.2,52.6
2018-12-08 13:13:03,3,52.6
2018-12-08 13:13:06,9.6,52.6
2018-12-08 13:13:09,2.6,52.6
2018-12-08 13:13:13,6,52.6
2018-12-08 13:13:16,5.2,52.6
2018-12-08 13:13:20,10.1,52.6
2018-12-08 13:13:23,3.6,52.6
2018-12-08 13:13:26,3.6,52.6
2018-12-08 13:13:29,4.7,52.6
2018-12-08 13:13:33,6.4,53.2
2018-12-08 13:13:36,5.6,52.6
2018-12-08 13:13:40,1.8,52.6
2018-12-08 13:13:44,10,52.6
2018-12-08 13:13:47,3.5,52.6
2018-12-08 13:13:51,5.9,52.6
2018-12-08 13:13:54,1.9,52.6
2018-12-08 13:13:58,9.7,52.6
2018-12-08 13:14:01,1.7,52.6
2018-12-08 13:14:05,5.3,53.7
2018-12-08 13:14:08,6.7,52.6
2018-12-08 13:14:12,9.7,52.6
2018-12-08 13:14:15,4.1,52.6
2018-12-08 13:14:19,6.3,52.6
2018-12-08 13:14:22,6.3,52.6
2018-12-08 13:14:25,6.1,52.6
2018-12-08 13:14:29,1.6,52.6
2018-12-08 13:14:33,6.9,52.6
2018-12-08 13:14:36,10.3,53.7
2018-12-08 13:14:40,3.1,52.6
2018-12-08 13:14:44,5.3,53.2
2018-12-08 13:14:47,5.5,53.2
2018-12-08 13:14:50,8.7,52.6
2018-12-08 13:25:01,22.5,48.3
2018-12-08 13:25:03,2.7,48.3
2018-12-08 13:25:06,5.9,47.8
2018-12-08 13:25:08,8.2,48.3
2018-12-08 13:25:11,2.3,47.8
2018-12-08 13:25:13,8.5,48.3
2018-12-08 13:25:16,7.4,48.3
2018-12-08 13:25:18,5.8,48.3
2018-12-08 13:25:20,5.6,47.8
2018-12-08 13:25:23,5.8,48.3
2018-12-08 13:25:25,6.1,48.9
2018-12-08 13:25:28,12.4,48.3
2018-12-08 13:25:30,1.9,48.3
2018-12-08 13:25:33,2.4,48.3
2018-12-08 13:25:35,7.2,48.3
2018-12-08 13:25:38,5.6,48.3
2018-12-08 13:25:40,7.4,48.3
2018-12-08 13:25:43,6.8,48.3
2018-12-08 13:25:45,4.8,48.3
2018-12-08 13:25:47,4.8,48.3
2018-12-08 13:25:49,8.6,48.3
2018-12-08 13:25:52,9.2,48.3
2018-12-08 13:25:54,6.2,48.3
2018-12-08 13:25:56,5.6,48.3
2018-12-08 13:25:59,2.2,48.3
2018-12-08 13:26:01,6.7,48.3
2018-12-08 13:26:04,8.6,48.3
2018-12-08 13:26:07,4.1,48.3
2018-12-08 13:26:09,6,48.9
2018-12-08 13:26:12,2.5,48.3
2018-12-08 13:26:14,3.3,48.3
2018-12-08 13:26:17,10.3,48.9
2018-12-08 13:26:19,4.3,48.9
2018-12-08 13:26:22,7.6,48.3
2018-12-08 13:26:24,4.7,48.9
2018-12-08 13:26:26,2.7,48.3
2018-12-08 13:26:29,12.3,49.4
2018-12-08 13:26:31,6.2,49.4
2018-12-08 13:26:34,2.3,48.3
2018-12-08 13:26:37,7.6,48.9
2018-12-08 13:26:39,4.8,48.3
2018-12-08 13:26:41,6.6,48.9
2018-12-08 13:26:44,9.2,48.9
2018-12-08 13:26:47,2.4,48.9
2018-12-08 13:26:49,8.7,49.4
2018-12-08 13:26:51,4.2,49.4
2018-12-08 13:26:54,3.8,48.9
2018-12-08 13:26:56,13.2,49.4
2018-12-08 13:26:58,4.9,49.4
2018-12-08 13:27:01,2.9,49.4
2018-12-08 13:27:03,8.1,49.4
2018-12-08 13:27:06,2.5,49.4
2018-12-08 13:27:08,8.2,49.4
2018-12-08 13:27:10,7.6,49.4
2018-12-08 13:27:13,2.4,49.4
2018-12-08 13:27:15,5.8,49.4
2018-12-08 13:27:18,8.6,49.4
2018-12-08 13:27:20,6,49.4
2018-12-08 13:27:22,13.1,49.4
2018-12-08 13:27:25,3.6,49.4
2018-12-08 13:27:27,2.7,49.4
2018-12-08 13:27:30,8.2,49.4
2018-12-08 13:27:33,4.6,49.4
2018-12-08 13:27:36,7.3,49.4
2018-12-08 13:27:38,7.6,49.4
2018-12-08 13:27:40,2.5,49.4
2018-12-08 13:27:43,7.2,49.4
2018-12-08 13:27:46,5.6,49.4
2018-12-08 13:27:48,7,49.4
2018-12-08 13:27:50,10.9,49.4
2018-12-08 13:27:53,4.3,49.9
2018-12-08 13:27:55,4,49.4
2018-12-08 13:27:58,8.8,49.9
2018-12-08 13:28:00,10,49.4
2018-12-08 13:28:02,7,49.4
2018-12-08 13:28:05,6.3,49.4
2018-12-08 13:28:07,3.1,49.4
2018-12-08 13:28:09,8.3,49.9
2018-12-08 13:28:12,9.4,49.4
2018-12-08 13:28:14,4.4,49.9
2018-12-08 13:28:17,9.1,50.5
2018-12-08 13:28:19,2.9,49.9
2018-12-08 13:28:21,2.3,49.4
2018-12-08 13:28:24,9.5,49.9
2018-12-08 13:28:26,8.7,49.4
2018-12-08 13:36:30,14.6,51
2018-12-08 13:36:34,12,49.9
2018-12-08 13:36:37,3.3,49.9
2018-12-08 13:36:41,3.6,49.4
2018-12-08 13:36:44,4.4,49.9
2018-12-08 13:36:47,8,49.9
2018-12-08 13:36:51,3.1,49.9
2018-12-08 13:36:54,5.4,49.4
2018-12-08 13:36:57,3.6,49.4
2018-12-08 13:37:01,9,49.4
2018-12-08 13:37:04,2.8,50.5
2018-12-08 13:37:07,4.6,49.9
2018-12-08 13:37:11,3.7,49.9
2018-12-08 13:37:14,7.9,49.9
2018-12-08 13:37:17,4.9,50.5
2018-12-08 13:37:20,4.3,50.5
2018-12-08 13:37:24,4.3,50.5
2018-12-08 13:37:27,8.2,49.9
2018-12-08 13:37:31,2.1,50.5
2018-12-08 13:37:34,5.1,49.9
2018-12-08 13:37:37,7,50.5
2018-12-08 13:37:40,11,50.5
2018-12-08 13:37:44,1.6,50.5
2018-12-08 13:37:47,7.6,50.5
2018-12-08 13:37:51,7.8,50.5
2018-12-08 13:37:54,8,50.5
2018-12-08 13:37:57,2.6,50.5
2018-12-08 13:38:01,5,50.5
2018-12-08 13:38:04,7.2,50.5
2018-12-08 13:38:07,5.9,50.5
2018-12-08 13:38:10,2.1,49.9
2018-12-08 13:38:14,7.9,50.5
2018-12-08 13:38:17,10.7,50.5
2018-12-08 13:38:20,7,50.5
2018-12-08 13:38:23,1.8,50.5
2018-12-08 13:38:27,7.2,50.5
2018-12-08 13:38:30,8.3,50.5
2018-12-08 13:38:34,6.2,50.5
2018-12-08 13:38:37,1.9,50.5
2018-12-08 13:38:40,7.4,50.5
2018-12-08 13:38:44,5.1,50.5
2018-12-08 13:38:47,4.9,50.5
2018-12-08 13:38:51,4,50.5
2018-12-08 13:38:54,10.9,50.5
2018-12-08 13:38:58,2,50.5
2018-12-08 13:39:01,7.1,50.5
2018-12-08 13:39:04,5.6,51
2018-12-08 13:39:07,10.3,51.5
2018-12-08 13:39:11,4.5,51
2018-12-08 13:39:14,6.6,51
2018-12-08 13:39:17,1.8,50.5
2018-12-08 13:39:20,10.4,50.5
2018-12-08 13:39:23,2.3,50.5
2018-12-08 13:39:27,7.9,50.5
2018-12-08 13:39:30,2.9,50.5
2018-12-08 13:39:34,10.2,50.5
2018-12-08 13:39:38,2.7,50.5
2018-12-08 13:39:41,6,50.5
2018-12-08 13:39:44,4.6,50.5
2018-12-08 13:39:48,9.9,51
2018-12-08 13:39:51,1.6,50.5
2018-12-08 13:39:54,5.7,50.5
2018-12-08 13:39:57,4.3,50.5
2018-12-08 13:40:01,9.2,50.5
2018-12-08 13:40:04,1.9,50.5
2018-12-08 13:40:08,5.9,51
2018-12-08 13:40:11,7.7,50.5
2018-12-08 13:40:14,6.9,51
2018-12-08 13:40:18,2.8,51
2018-12-08 13:40:21,6.3,50.5
2018-12-08 13:40:24,7.8,51
2018-12-08 13:40:28,6,50.5
2018-12-08 13:40:31,1.4,51
2018-12-08 13:40:35,6.8,51
2018-12-08 13:40:38,6.4,51
2018-12-08 13:40:42,5.5,50.5
2018-12-08 13:40:45,1.8,51
2018-12-08 13:40:49,11.1,51
2018-12-08 13:40:52,4.1,51.5
2018-12-08 13:40:55,8.8,50.5
2018-12-08 13:40:59,1.9,50.5
2018-12-08 13:41:03,8.4,51
2018-12-08 13:41:06,3,50.5
2018-12-08 13:41:09,6.4,50.5
2018-12-08 13:41:13,5.2,50.5
2018-12-08 13:41:16,9.1,51
2018-12-08 13:41:19,4.3,51
2018-12-08 13:41:23,5.2,51.5
2018-12-08 13:41:26,2.2,51
2018-12-08 13:41:29,11.2,51
2018-12-08 13:41:32,1.9,51
2018-12-08 13:41:36,6.2,50.5
2018-12-08 13:41:39,2.9,51
2018-12-08 13:41:43,8.7,51.5
2018-12-08 13:41:46,1.9,51.5
2018-12-08 13:41:49,6.1,51.5
2018-12-08 13:41:53,4.7,51
2018-12-08 13:41:56,10,51.5
2018-12-08 13:41:59,1.8,50.5
2018-12-08 13:42:02,5.8,51.5
2018-12-08 13:42:06,7.4,51.5
2018-12-08 13:42:09,7.4,51.5
2018-12-08 13:42:13,1.5,51
2018-12-08 13:42:16,8.2,50.5
2018-12-08 13:42:19,6.2,51.5
2018-12-08 13:42:22,7.4,51.5
2018-12-08 13:42:26,1.8,50.5
2018-12-08 13:42:29,5.4,51.5
2018-12-08 13:42:32,6.7,51
2018-12-08 13:42:36,6,51
2018-12-08 13:42:40,1.7,51.5
2018-12-08 13:42:43,5,50.5
2018-12-08 13:42:46,7,51.5
2018-12-08 13:42:49,5.4,51.5
2018-12-08 13:42:53,1.7,50.5
2018-12-08 13:42:57,8,51
2018-12-08 13:43:00,5,51.5
2018-12-08 13:43:04,3.7,50.5
2018-12-08 13:43:07,5.4,51.5
2018-12-08 13:43:11,9.8,51.5
2018-12-08 13:43:14,3.8,51.5
2018-12-08 13:43:17,6,51.5
2018-12-08 13:43:21,4.1,51.5
2018-12-08 13:43:24,7.9,51.5
2018-12-08 13:43:27,3.5,51.5
2018-12-08 13:43:31,3.8,51
2018-12-08 13:43:35,5.9,51.5
2018-12-08 13:43:38,4.4,51.5
2018-12-08 13:43:41,7.7,52.1
2018-12-08 13:43:45,1.5,51.5
2018-12-08 13:43:48,7.8,51.5
2018-12-08 13:43:51,4.2,51.5
2018-12-08 13:43:55,6.2,51
2018-12-08 13:43:58,4.8,51.5
2018-12-08 13:44:01,9,51.5
2018-12-08 13:44:05,3.6,52.1
2018-12-08 13:44:08,5.2,51.5
2018-12-08 13:44:11,1.5,51.5
2018-12-08 13:44:15,10.2,51.5
2018-12-08 13:44:18,3.6,52.1
2018-12-08 13:44:21,5.4,52.1
2018-12-08 13:44:25,1.5,51.5
2018-12-08 13:44:29,11.3,51.5
2018-12-08 13:44:32,2.5,51.5
2018-12-08 13:44:36,5,51.5
2018-12-08 13:44:39,4.3,51
2018-12-08 13:44:42,9.7,51.5
2018-12-08 13:44:45,2.6,52.1
2018-12-08 13:44:49,6.2,51.5
2018-12-08 13:44:52,5.6,52.1
2018-12-08 13:44:56,6.9,51.5
2018-12-08 13:44:59,2,51.5
2018-12-08 13:45:02,6.9,51.5
2018-12-08 13:45:06,7.5,51.5
2018-12-08 13:45:09,7,51.5
2018-12-08 13:45:12,1.7,51.5
2018-12-08 13:45:16,5.5,51.5
2018-12-08 13:45:19,7.3,52.6
2018-12-08 13:45:23,5.3,51.5
2018-12-08 13:45:26,2.4,52.1
2018-12-08 13:45:30,5.8,52.6
2018-12-08 13:45:33,7.6,51.5
2018-12-08 13:45:37,5.2,52.1
2018-12-08 13:45:40,2,51
2018-12-08 13:45:43,7.2,51.5
2018-12-08 13:45:47,5.8,52.1
2018-12-08 13:45:51,4,51.5
2018-12-08 13:45:54,2.3,51.5
2018-12-08 13:45:57,10.4,51.5
2018-12-08 13:46:01,3.1,51.5
2018-12-08 13:46:04,4.2,52.1
2018-12-08 13:46:08,8.2,52.1
2018-12-08 13:46:11,7.4,52.1
2018-12-08 13:46:15,4.8,51.5
2018-12-08 13:46:18,2.9,51.5
2018-12-08 13:46:21,7.4,52.1
2018-12-08 13:46:25,4.9,51.5
2018-12-08 13:46:28,4.8,51.5
2018-12-08 13:46:32,2.3,51.5
2018-12-08 13:46:36,9.3,52.6
2018-12-08 13:46:39,2.2,51.5
2018-12-08 13:46:42,6.3,52.1
2018-12-08 13:46:46,1.8,51.5
2018-12-08 13:46:50,10.5,52.1
2018-12-08 13:46:53,2,52.1
2018-12-08 13:46:56,7.8,52.1
2018-12-08 13:46:59,3,52.1
2018-12-08 13:47:03,7.5,52.1
2018-12-08 13:47:07,1.8,51.5
2018-12-08 13:47:10,6,51.5
2018-12-08 13:47:13,5.8,52.1
2018-12-08 13:47:17,9.1,51.5
2018-12-08 13:47:20,4.3,51.5
2018-12-08 13:47:23,7.8,52.1
2018-12-08 13:47:27,7.6,52.1
2018-12-08 13:47:30,5.7,52.1
2018-12-08 13:47:34,2,51.5
2018-12-08 13:47:37,5.6,52.6
2018-12-08 13:47:40,8.7,52.1
2018-12-08 13:47:44,6,52.1
2018-12-08 13:47:47,1.8,52.1
2018-12-08 13:47:50,7.7,51.5
2018-12-08 13:47:54,5.4,52.1
2018-12-08 13:47:57,4.6,51.5
2018-12-08 13:48:01,4.9,52.1
2018-12-08 13:48:04,9.1,52.1
2018-12-08 13:48:08,3.6,52.1
2018-12-08 13:48:11,5.4,52.1
2018-12-08 13:48:15,5,52.1
2018-12-08 13:48:18,10.8,52.1
2018-12-08 13:48:21,3.1,52.6
2018-12-08 13:48:25,6.8,52.6
2018-12-08 13:48:28,3.1,52.1
2018-12-08 13:48:32,9.7,52.6
2018-12-08 13:48:35,1.6,52.6
2018-12-08 13:48:38,7,52.1
2018-12-08 13:48:41,4.6,51.5
2018-12-08 13:48:45,9.1,52.6
2018-12-08 13:48:48,1.8,51.5
2018-12-08 13:48:51,9.7,52.1
2018-12-08 13:48:55,4.1,52.1
2018-12-08 13:48:58,9.1,52.1
2018-12-08 13:49:01,2,52.1
2018-12-08 13:49:04,7.6,52.1
2018-12-08 13:49:07,4,52.6
2018-12-08 13:49:11,9.5,52.6
2018-12-08 13:49:14,1.6,52.6
2018-12-08 13:49:17,7.3,52.6
2018-12-08 13:49:20,3.8,51.5
2018-12-08 13:49:24,9.3,52.6
2018-12-08 13:49:27,3.5,52.1
2018-12-08 13:49:30,5.2,52.1
2018-12-08 13:49:33,4.2,52.6
2018-12-08 13:49:37,9.3,52.1
2018-12-08 13:49:40,2.1,52.1
2018-12-08 13:49:43,4.8,52.1
2018-12-08 13:49:46,5.3,52.6
2018-12-08 13:49:50,9.6,52.6
2018-12-08 13:49:53,1.8,52.1
2018-12-08 13:49:57,3.3,52.1
2018-12-08 13:50:00,8.9,52.6
2018-12-08 13:50:03,5.8,52.1
2018-12-08 13:50:07,4,51.5
2018-12-08 13:50:10,3.2,51.5
2018-12-08 13:50:13,9.8,52.1
2018-12-08 13:50:17,4.3,52.1
2018-12-08 13:50:21,3.5,52.1
2018-12-08 13:50:24,6.1,52.1
2018-12-08 13:50:27,7.3,52.6
2018-12-08 13:50:31,6.9,51.5
2018-12-08 13:50:34,2.3,52.1
2018-12-08 13:50:38,7.7,52.6
2018-12-08 13:50:41,6.6,52.1
2018-12-08 13:50:44,6.2,52.6
2018-12-08 13:50:48,1.7,51.5
2018-12-08 13:50:51,8.7,52.6
2018-12-08 13:50:54,3.6,52.1
2018-12-08 13:50:57,4,52.1
2018-12-08 13:51:01,5.4,52.1
2018-12-08 13:51:04,8.9,52.1
2018-12-08 13:51:07,2.7,52.1
2018-12-08 13:51:11,5.7,52.6
2018-12-08 13:51:14,2,52.6
2018-12-08 13:51:17,10.1,51.5
2018-12-08 13:51:20,2.6,52.1
2018-12-08 13:51:23,3,52.1
2018-12-08 13:51:27,3.8,52.6
2018-12-08 13:51:30,7.4,52.1
2018-12-08 13:51:33,8,52.6
2018-12-08 13:51:37,2.6,52.1
2018-12-08 13:51:40,6,52.1
2018-12-08 13:51:44,7.1,52.6
2018-12-08 13:51:47,4.2,52.6
2018-12-08 13:51:50,2.6,52.6
2018-12-08 13:51:54,9.1,52.6
2018-12-08 13:51:57,6,52.6
2018-12-08 13:52:00,4.2,52.6
2018-12-08 13:52:04,2.3,52.1
2018-12-08 13:52:07,7.4,52.6
2018-12-08 13:52:10,7.8,52.1
2018-12-08 13:52:13,5.2,52.6
2018-12-08 13:52:17,1.7,53.2
2018-12-08 13:52:20,7.4,52.6
2018-12-08 13:52:23,5.4,53.2
2018-12-08 13:52:26,5.9,52.6
2018-12-08 13:52:29,4.1,52.6
2018-12-08 13:52:33,9.9,53.2
2018-12-08 13:52:36,3.8,53.2
2018-12-08 13:52:39,5.9,52.6
2018-12-08 13:52:43,1.7,52.1
2018-12-08 13:52:46,8.7,52.6
2018-12-08 13:52:49,3.6,52.6
2018-12-08 13:52:52,5.4,52.6
2018-12-08 13:52:56,4.3,52.6
2018-12-08 13:52:59,10.8,52.6
2018-12-08 13:53:02,4.4,52.6
2018-12-08 13:53:06,6.2,52.1
2018-12-08 13:53:09,2.4,52.6
2018-12-08 13:53:12,11.6,52.6
2018-12-08 13:53:15,2.4,52.1
2018-12-08 13:53:19,6.7,52.6
2018-12-08 13:53:22,2.4,52.1
2018-12-08 13:53:26,10,52.6
2018-12-08 13:53:29,1.7,52.1
2018-12-08 13:53:32,6,52.6
2018-12-08 13:53:35,1.9,52.1
2018-12-08 13:53:39,12.1,52.6
2018-12-08 13:53:42,2.6,52.6
2018-12-08 13:53:45,4.7,52.1
2018-12-08 13:53:48,2.1,52.6
2018-12-08 13:53:52,9.5,53.7
2018-12-08 13:53:55,1.4,52.1
2018-12-08 13:53:58,5.8,53.2
2018-12-08 13:54:02,5.2,52.6
2018-12-08 13:54:05,8.7,52.6
2018-12-08 13:54:08,2.6,52.6
2018-12-08 13:54:12,5.4,52.6
2018-12-08 13:54:15,3.9,52.6
2018-12-08 13:54:18,8.1,52.6
2018-12-08 13:54:21,1.5,52.6
2018-12-08 13:54:25,8.8,53.2
2018-12-08 13:54:28,4.3,52.6
2018-12-08 13:54:31,9.8,53.2
2018-12-08 13:54:35,2.3,52.6
2018-12-08 13:54:38,4.9,52.6
2018-12-08 13:54:41,7.8,52.6
2018-12-08 13:54:44,8.8,52.6
2018-12-08 13:54:48,1.9,52.6
2018-12-08 13:54:51,3.4,52.6
2018-12-08 13:54:55,8,52.1
2018-12-08 13:54:58,5.3,52.6
2018-12-08 13:55:01,1.9,53.2
2018-12-08 13:55:05,4.8,53.2
2018-12-08 13:55:08,8.2,52.6
2018-12-08 13:55:11,5.3,53.2
2018-12-08 13:55:14,1.7,52.6
2018-12-08 13:55:17,3.4,52.1
2018-12-08 13:55:20,9.8,52.6
2018-12-08 13:55:24,2.6,52.1
2018-12-08 13:55:27,4.9,53.2
2018-12-08 13:55:30,2.3,52.6
2018-12-08 13:55:34,10.6,52.6
2018-12-08 13:55:37,3.2,52.6
2018-12-08 13:55:41,5.9,52.6
2018-12-08 13:55:44,2.7,53.7
2018-12-08 13:55:47,8.8,52.6
2018-12-08 13:55:50,1.8,52.6
2018-12-08 13:55:54,7.5,53.2
2018-12-08 13:55:57,4.6,52.6
2018-12-08 13:56:01,10.5,53.7
2018-12-08 13:56:04,2.8,52.6
2018-12-08 13:56:08,6.2,52.6
2018-12-08 13:56:11,5.6,53.2
2018-12-08 13:56:14,6.5,53.7
2018-12-08 13:56:18,2.8,52.6
2018-12-08 13:56:21,7.3,52.6
2018-12-08 13:56:24,8.3,52.6
2018-12-08 13:56:27,5.4,52.6
2018-12-08 13:56:31,2,52.6
2018-12-08 13:56:34,7.3,52.6
2018-12-08 13:56:37,7.9,52.6
2018-12-08 13:56:41,6.3,52.6
2018-12-08 13:56:44,2,52.6
2018-12-08 13:56:48,8,52.6
2018-12-08 13:56:51,6.6,52.6
2018-12-08 13:56:54,6.1,52.6
2018-12-08 13:56:57,2.2,52.6
2018-12-08 13:57:01,7.8,52.6
2018-12-08 13:57:04,7.2,53.2
2018-12-08 13:57:07,5.6,52.6
2018-12-08 13:57:11,2.1,52.6
2018-12-08 13:57:14,9.5,52.6
2018-12-08 13:57:17,5.3,52.6
2018-12-08 13:57:21,6.2,52.6
2018-12-08 13:57:25,2,52.6
2018-12-08 13:57:28,13.6,52.6
2018-12-08 13:57:31,5.9,52.6
2018-12-08 13:57:35,7.2,52.6
2018-12-08 13:57:38,1.9,52.6
2018-12-08 13:57:41,9.8,52.6
2018-12-08 13:57:45,2.3,52.6
2018-12-08 13:57:48,7.3,52.6
2018-12-08 13:57:51,2.3,52.6
2018-12-08 13:57:54,12.5,52.6
2018-12-08 13:57:57,1.8,52.6
2018-12-08 13:58:01,7.1,52.1
2018-12-08 13:58:04,3.4,52.6
2018-12-08 13:58:07,12.2,52.6
2018-12-08 13:58:11,2,52.1
2018-12-08 13:58:14,5.5,52.6
2018-12-08 13:58:17,2.6,53.2
2018-12-08 13:58:21,9.9,52.6
2018-12-08 13:58:24,4.7,52.6
2018-12-08 13:58:27,5.2,52.6
2018-12-08 13:58:31,6.5,52.6
2018-12-08 13:58:35,6.9,52.6
2018-12-08 13:58:38,2.3,52.6
2018-12-08 13:58:41,5.9,52.6
2018-12-08 13:58:45,5.9,52.6
2018-12-08 13:58:48,5.5,53.2
2018-12-08 13:58:51,3.4,52.6
2018-12-08 13:58:54,6.8,52.6
2018-12-08 13:58:58,6.1,52.6
2018-12-08 13:59:01,8.2,52.6
2018-12-08 13:59:04,1.8,52.6
2018-12-08 13:59:08,7.6,52.6
2018-12-08 13:59:11,7.2,52.1
2018-12-08 13:59:14,6.1,52.6
2018-12-08 13:59:18,2,52.1
2018-12-08 13:59:21,6.2,53.2
2018-12-08 13:59:24,6.7,52.6
2018-12-08 13:59:28,7,53.2
2018-12-08 13:59:31,1.7,52.6
2018-12-08 13:59:35,9.9,53.2
2018-12-08 13:59:38,5.7,52.6
2018-12-08 13:59:42,4.1,53.7
2018-12-08 13:59:45,1.9,52.6
2018-12-08 13:59:48,11.9,53.2
2018-12-08 13:59:52,4.8,53.2
2018-12-08 13:59:55,6.5,53.2
2018-12-08 13:59:58,1.8,52.6
2018-12-08 14:00:02,10.4,52.6
2018-12-08 14:00:05,4.6,52.6
2018-12-08 14:00:08,6.5,53.2
2018-12-08 14:00:12,1.7,52.6
2018-12-08 14:00:15,10.1,53.7
2018-12-08 14:00:18,5.6,52.6
2018-12-08 14:00:21,3.4,52.6
2018-12-08 14:00:25,7.2,53.2
2018-12-08 14:00:28,9,53.7
2018-12-08 14:00:31,4.1,52.6
2018-12-08 14:00:35,2.5,52.6
2018-12-08 14:00:38,5.8,52.6
2018-12-08 14:00:41,7,53.2
2018-12-08 14:00:45,8.5,52.6
2018-12-08 14:00:48,1.7,52.6
2018-12-08 14:00:51,7.3,52.6
2018-12-08 14:00:54,6.6,53.2
2018-12-08 14:00:57,6.4,52.6
2018-12-08 14:01:01,1.5,52.6
2018-12-08 14:01:05,8.8,53.2
2018-12-08 14:01:08,4.4,52.6
2018-12-08 14:01:12,5,52.6
2018-12-08 14:01:15,2.4,52.6
2018-12-08 14:01:18,10,52.6
2018-12-08 14:01:22,4.1,52.6
2018-12-08 14:01:26,6.4,52.6
2018-12-08 14:01:29,3.5,52.6
2018-12-08 14:01:33,10.3,53.2
2018-12-08 14:01:36,4.3,52.6
2018-12-08 14:01:39,2.5,52.6
2018-12-08 14:01:42,8.2,52.6
2018-12-08 14:01:46,8.9,52.6
2018-12-08 14:01:49,3.2,53.2
2018-12-08 14:01:52,3.3,52.6
2018-12-08 14:01:55,4.5,52.1
2018-12-08 14:01:59,7.3,52.6
2018-12-08 14:02:02,3.2,53.2
2018-12-08 14:02:05,4.4,52.6
2018-12-08 14:02:08,4.1,52.6
2018-12-08 14:02:11,7.8,53.2
2018-12-08 14:02:14,2.1,53.2
2018-12-08 14:02:18,4.7,52.6
2018-12-08 14:02:21,3.4,52.6
2018-12-08 14:02:24,8.7,52.6
2018-12-08 14:02:28,5.1,52.6
2018-12-08 14:02:31,6.3,53.2
2018-12-08 14:02:35,4.8,53.2
2018-12-08 14:02:38,6.2,53.2
2018-12-08 14:02:41,2,53.2
2018-12-08 14:02:45,6.8,53.7
2018-12-08 14:02:48,7.1,52.6
2018-12-08 14:02:51,6.6,52.6
2018-12-08 14:02:55,2.2,52.6
2018-12-08 14:02:58,6.8,52.6
2018-12-08 14:03:02,10,52.6
2018-12-08 14:03:05,4.9,53.2
2018-12-08 14:03:09,2.8,52.6
2018-12-08 14:03:12,5,52.6
2018-12-08 14:03:15,6.7,52.6
2018-12-08 14:03:19,3.6,53.2
2018-12-08 14:03:22,5.7,53.7
2018-12-08 14:03:25,6.9,53.2
2018-12-08 14:03:28,5.7,52.6
2018-12-08 14:03:32,4.7,52.6
2018-12-08 14:03:35,4.4,53.2
2018-12-08 14:03:39,9.5,52.6
2018-12-08 14:03:43,4.4,52.6
2018-12-08 14:03:46,8.5,53.2
2018-12-08 14:03:49,3.7,53.7
2018-12-08 14:03:52,10,53.2
2018-12-08 14:03:56,2.7,52.6
2018-12-08 14:03:59,7.8,52.6
2018-12-08 14:04:02,2.3,52.6
2018-12-08 14:04:05,10.8,53.7
2018-12-08 14:04:09,2.6,52.6
2018-12-08 14:04:12,4.7,52.6
2018-12-08 14:04:15,1.8,53.2
2018-12-08 14:04:18,12.8,53.7
2018-12-08 14:04:21,2.8,53.2
2018-12-08 14:04:25,6.8,53.2
2018-12-08 14:04:28,3.7,53.2
2018-12-08 14:04:32,9.8,53.2
2018-12-08 14:04:35,2,53.2
2018-12-08 14:04:38,6.9,53.2
2018-12-08 14:04:41,3.1,53.7
2018-12-08 14:04:45,10.5,53.7
2018-12-08 14:04:48,1.6,53.2
2018-12-08 14:04:51,6.4,52.6
2018-12-08 14:04:54,2.5,52.1
2018-12-08 14:04:58,11.9,53.7
2018-12-08 14:05:01,1.4,53.2
2018-12-08 14:05:04,5.1,52.6
2018-12-08 14:05:07,2.8,53.7
2018-12-08 14:05:11,9.3,53.7
2018-12-08 14:05:14,2.2,53.2
2018-12-08 14:05:17,6.2,53.2
2018-12-08 14:05:20,6.2,53.2
2018-12-08 14:05:24,7.1,52.6
2018-12-08 14:05:27,4.7,53.2
2018-12-08 14:05:30,3.9,52.6
2018-12-08 14:05:33,8.5,53.2
2018-12-08 14:05:37,4.7,52.6
2018-12-08 14:05:40,5.7,53.2
2018-12-08 14:05:43,1.9,53.2
2018-12-08 14:05:46,9.1,53.2
2018-12-08 14:05:50,6.2,53.2
2018-12-08 14:05:53,7.4,53.2
2018-12-08 14:05:57,1.9,52.6
2018-12-08 14:06:01,9.4,52.6
2018-12-08 14:06:04,3.2,52.6
2018-12-08 14:06:07,4.8,52.6
2018-12-08 14:06:10,2.4,52.6
2018-12-08 14:06:13,10,52.6
2018-12-08 14:06:17,2.3,52.6
2018-12-08 14:06:20,5.7,53.7
2018-12-08 14:06:23,2.1,53.2
2018-12-08 14:06:26,13.5,52.6
2018-12-08 14:06:29,4.8,53.2
2018-12-08 14:06:33,8.9,53.2
2018-12-08 14:06:36,3.8,52.6
2018-12-08 14:06:39,10.7,53.2
2018-12-08 14:06:43,1.7,53.2
2018-12-08 14:06:46,7.5,53.2
2018-12-08 14:06:49,3.6,52.6
2018-12-08 14:06:53,9.1,53.7
2018-12-08 14:06:56,2,52.6
2018-12-08 14:06:59,6.6,53.2
2018-12-08 14:07:03,5.2,53.2
2018-12-08 14:07:06,10.4,53.2
2018-12-08 14:07:09,2.6,53.7
2018-12-08 14:07:13,5.8,53.2
2018-12-08 14:07:16,3.6,53.2
2018-12-08 14:07:19,9.2,53.2
2018-12-08 14:07:22,1.5,52.6
2018-12-08 14:07:25,7.1,52.6
2018-12-08 14:07:29,6.6,53.2
2018-12-08 14:07:32,8.2,53.7
2018-12-08 14:07:35,1.6,53.7
2018-12-08 14:07:39,5.6,53.2
2018-12-08 14:07:42,4.8,53.7
2018-12-08 14:07:45,5.7,52.6
2018-12-08 14:07:48,5.7,53.2
2018-12-08 14:07:51,4.9,53.7
2018-12-08 14:07:55,7.6,53.2
2018-12-08 14:07:58,4.8,53.7
2018-12-08 14:08:01,5.9,52.6
2018-12-08 14:08:04,3.5,53.7
2018-12-08 14:08:07,9.9,53.7
2018-12-08 14:08:11,4.4,52.6
2018-12-08 14:08:14,4.8,52.6
2018-12-08 14:08:17,1.8,53.2
2018-12-08 14:08:20,10.3,53.7
2018-12-08 14:08:23,3.8,52.6
2018-12-08 14:08:27,8.1,53.2
2018-12-08 14:08:30,3.7,53.7
2018-12-08 14:08:34,9.5,53.7
2018-12-08 14:08:37,2.2,52.6
2018-12-08 14:08:40,6.2,53.7
2018-12-08 14:08:44,4.2,52.6
2018-12-08 14:08:47,11.4,53.7
2018-12-08 14:08:51,2.9,52.6
2018-12-08 14:08:54,6.5,53.7
2018-12-08 14:08:58,3.6,53.2
2018-12-08 14:09:01,8.2,53.2
2018-12-08 14:09:05,4.8,53.2
2018-12-08 14:09:08,5.5,53.7
2018-12-08 14:09:11,5.4,53.7
2018-12-08 14:09:14,7.3,53.7
2018-12-08 14:09:18,2,53.2
2018-12-08 14:09:21,6.3,52.6
2018-12-08 14:09:24,6.2,53.7
2018-12-08 14:09:27,10.4,53.7
2018-12-08 14:09:31,1.9,53.2
2018-12-08 14:09:35,5.4,53.2
2018-12-08 14:09:38,6.6,53.7
2018-12-08 14:09:42,5.9,53.2
2018-12-08 14:09:45,2.9,52.6
2018-12-08 14:09:49,9.2,52.6
2018-12-08 14:09:52,5.9,53.2
2018-12-08 14:09:55,7.2,52.6
2018-12-08 14:09:58,3.8,52.6
2018-12-08 14:10:02,8.1,52.6
2018-12-08 14:10:05,6.3,53.2
2018-12-08 14:10:08,6,52.6
2018-12-08 14:10:12,1.7,53.2
2018-12-08 14:10:15,7.5,53.7
2018-12-08 14:10:18,4.8,53.2
2018-12-08 14:10:22,5.6,53.2
2018-12-08 14:10:25,3.8,52.6
2018-12-08 14:10:29,10.1,53.7
2018-12-08 14:10:32,3.8,53.2
2018-12-08 14:10:35,6.9,52.6
2018-12-08 14:10:39,1.9,52.6
2018-12-08 14:10:42,10.3,53.2
2018-12-08 14:10:46,2.2,53.2
2018-12-08 14:10:49,7.9,52.6
2018-12-08 14:10:52,2.3,53.2
2018-12-08 14:10:56,10.2,53.2
2018-12-08 14:10:59,4.7,53.7
2018-12-08 14:11:03,6.2,52.6
2018-12-08 14:11:06,4.8,53.7
2018-12-08 14:11:09,7.4,52.6
2018-12-08 14:11:13,2.3,52.6
2018-12-08 14:11:16,3.9,52.6
2018-12-08 14:11:20,5.8,53.7
2018-12-08 14:11:23,8,53.2
2018-12-08 14:11:26,2.5,52.6
2018-12-08 14:11:30,5.5,53.7
2018-12-08 14:11:34,7.6,52.6
2018-12-08 14:11:37,7.6,53.2
2018-12-08 14:11:40,3.6,53.2
2018-12-08 14:11:44,4.9,53.2
2018-12-08 14:11:47,7.3,53.2
2018-12-08 14:11:50,5.6,52.6
2018-12-08 14:11:54,4,52.6
2018-12-08 14:11:57,7.6,53.2
2018-12-08 14:12:01,6.9,53.2
2018-12-08 14:12:05,4,52.6
2018-12-08 14:12:08,7.4,52.6
2018-12-08 14:12:11,6.4,53.2
2018-12-08 14:12:14,7,53.7
2018-12-08 14:12:18,2.2,53.2
2018-12-08 14:12:21,4.1,53.7
2018-12-08 14:12:24,10.9,53.2
2018-12-08 14:12:27,3.9,52.6
2018-12-08 14:12:31,7.2,53.2
2018-12-08 14:12:34,3.8,52.6
2018-12-08 14:12:38,9.8,53.2
2018-12-08 14:12:41,3.5,52.6
2018-12-08 14:12:44,4.6,52.6
2018-12-08 14:12:47,2.6,52.6
2018-12-08 14:12:50,10,52.6
2018-12-08 14:12:54,2.5,52.6
2018-12-08 14:12:57,4.8,53.2
2018-12-08 14:13:00,2.6,52.6
2018-12-08 14:13:04,8.7,53.7
2018-12-08 14:13:07,3.1,53.2
2018-12-08 14:13:11,5.9,52.6
2018-12-08 14:13:14,4.5,53.2
2018-12-08 14:13:17,10.6,53.7
2018-12-08 14:13:21,2.2,52.6
2018-12-08 14:13:24,5.2,53.2
2018-12-08 14:13:27,5.4,53.2
2018-12-08 14:13:31,7.3,52.6
2018-12-08 14:13:35,3.3,53.2
2018-12-08 14:13:38,3.8,53.7
2018-12-08 14:13:41,8.5,52.6
2018-12-08 14:13:45,5.9,53.2
2018-12-08 14:13:48,3.5,53.7
2018-12-08 14:13:51,4.7,52.6
2018-12-08 14:13:55,9.7,52.6
2018-12-08 14:13:58,2.5,53.2
2018-12-08 14:14:02,5.3,53.2
2018-12-08 14:14:05,4.5,52.6
2018-12-08 14:14:09,9.9,53.7
2018-12-08 14:14:12,1.7,52.6
2018-12-08 14:14:16,5.5,53.2
2018-12-08 14:14:19,7.8,53.2
2018-12-08 14:14:22,9.8,53.7
2018-12-08 14:14:26,1.6,52.6
2018-12-08 14:14:29,8.1,52.6
2018-12-08 14:14:33,7.2,53.2
2018-12-08 14:14:37,5.6,53.2
2018-12-08 14:14:40,1.7,52.6
2018-12-08 14:14:44,9.6,52.6
2018-12-08 14:14:47,4.5,53.2
2018-12-08 14:14:50,5.5,53.7
2018-12-08 14:14:54,1.6,53.7
2018-12-08 14:14:57,8.7,53.7
2018-12-08 14:15:00,6.3,52.6
2018-12-08 14:15:04,7.9,52.6
2018-12-08 14:15:07,1.7,52.6
2018-12-08 14:15:11,10,53.7
2018-12-08 14:15:14,2,53.2
2018-12-08 14:15:18,5.4,53.2
2018-12-08 14:15:21,3.6,52.6
2018-12-08 14:15:25,9.1,53.2
2018-12-08 14:15:28,1.6,52.6
2018-12-08 14:15:31,9.6,52.6
2018-12-08 14:15:35,4.6,53.2
2018-12-08 14:15:38,7.3,52.6
2018-12-08 14:15:42,2,52.6
2018-12-08 14:15:45,6.4,52.1
2018-12-08 14:15:48,4.8,53.2
2018-12-08 14:15:51,7.9,53.7
2018-12-08 14:15:55,3.9,52.6
2018-12-08 14:15:58,6.3,52.6
2018-12-08 14:16:02,9.6,53.2
2018-12-08 14:16:05,5.2,53.2
2018-12-08 14:16:09,2.2,52.1
2018-12-08 14:16:12,6.3,52.6
2018-12-08 14:16:16,7.1,52.6
2018-12-08 14:16:19,7.1,52.6
2018-12-08 14:16:22,1.8,53.2
2018-12-08 14:16:26,7,52.6
2018-12-08 14:16:29,8.4,52.6
2018-12-08 14:16:32,7.1,52.6
2018-12-08 14:16:35,2.5,52.6
2018-12-08 14:16:39,9.7,52.6
2018-12-08 14:16:42,5.5,52.6
2018-12-08 14:16:45,8,52.6
2018-12-08 14:16:49,1.6,52.6
2018-12-08 14:16:52,9.5,53.7
2018-12-08 14:16:55,4.3,52.6
2018-12-08 14:16:59,5.4,52.6
2018-12-08 14:17:02,2.4,52.6
2018-12-08 14:17:05,12.1,53.2
2018-12-08 14:17:08,4.2,52.6
2018-12-08 14:17:12,6.5,53.2
2018-12-08 14:17:15,1.9,53.2
2018-12-08 14:17:18,8.5,53.7
2018-12-08 14:17:21,5.9,53.2
2018-12-08 14:17:25,7.1,53.2
2018-12-08 14:17:28,1.8,52.6
2018-12-08 14:17:31,9.7,53.7
2018-12-08 14:17:34,2.7,53.2
2018-12-08 14:17:38,6.5,53.2
2018-12-08 14:17:41,3,52.6
2018-12-08 14:17:44,10,53.7
2018-12-08 14:17:47,3,53.2
2018-12-08 14:17:50,4.7,52.6
2018-12-08 14:17:54,2.8,52.6
2018-12-08 14:17:57,10.1,53.2
2018-12-08 14:18:00,3.9,53.2
2018-12-08 14:18:04,3.2,53.2
2018-12-08 14:18:07,5.3,52.6
2018-12-08 14:18:10,9.3,53.2
2018-12-08 14:18:13,6.7,53.2
2018-12-08 14:18:16,2.4,53.2
2018-12-08 14:18:20,7.5,53.2
2018-12-08 14:18:23,7.9,53.2
2018-12-08 14:18:27,3.6,53.2
2018-12-08 14:18:30,2.7,53.7
2018-12-08 14:18:33,6.3,53.2
2018-12-08 14:18:36,9.8,53.2
2018-12-08 14:18:39,5.2,53.2
2018-12-08 14:18:43,1.8,53.2
2018-12-08 14:18:46,5.1,53.7
2018-12-08 14:18:49,6.5,53.7
2018-12-08 14:18:52,5.9,53.2
2018-12-08 14:18:56,2.3,53.2
2018-12-08 14:18:59,7.6,53.2
2018-12-08 14:19:02,5.5,53.2
2018-12-08 14:19:06,6,53.2
2018-12-08 14:19:09,2,53.2
2018-12-08 14:19:12,6.8,53.2
2018-12-08 14:19:15,5.9,53.2
2018-12-08 14:19:19,5.4,53.7
2018-12-08 14:19:22,1.8,52.6
2018-12-08 14:19:25,7.6,53.7
2018-12-08 14:19:29,7.5,52.6
2018-12-08 14:19:33,7.1,52.6
2018-12-08 14:19:36,2.1,53.2
2018-12-08 14:19:39,11.9,53.7
2018-12-08 14:19:43,2.7,53.2
2018-12-08 14:19:46,5.4,52.6
2018-12-08 14:19:50,1.8,53.2
2018-12-08 14:19:53,12.7,52.6
2018-12-08 14:19:56,2.2,53.2
2018-12-08 14:20:00,4.7,53.2
2018-12-08 14:20:04,3.6,52.6
2018-12-08 14:20:07,7.3,53.7
2018-12-08 14:20:10,2.7,52.6
2018-12-08 14:20:14,3.9,53.2
2018-12-08 14:20:17,8.1,53.7
2018-12-08 14:20:20,7.9,52.6
2018-12-08 14:20:24,3.3,52.6
2018-12-08 14:20:27,4.2,53.7
2018-12-08 14:20:30,7.4,52.6
2018-12-08 14:20:34,8.6,53.7
2018-12-08 14:20:37,5.1,52.6
2018-12-08 14:20:40,3.9,53.2
2018-12-08 14:20:44,7.4,53.7
2018-12-08 14:20:47,4,53.7
2018-12-08 14:20:50,2.8,52.6
2018-12-08 14:20:54,4.1,52.6
2018-12-08 14:20:58,10,52.6
2018-12-08 14:21:01,4.8,52.6
2018-12-08 14:21:04,3.1,53.2
2018-12-08 14:21:08,7.2,53.7
2018-12-08 14:21:12,8.8,52.6
2018-12-08 14:21:15,2.1,52.6
2018-12-08 14:21:18,5.8,53.7
2018-12-08 14:21:21,7.8,53.2
2018-12-08 14:21:25,6.1,53.2
2018-12-08 14:21:28,3.7,52.6
2018-12-08 14:21:31,3.2,53.2
2018-12-08 14:21:35,10.3,52.6
2018-12-08 14:21:38,5.4,52.6
2018-12-08 14:21:42,3.9,52.6
2018-12-08 14:21:45,5.5,53.2
2018-12-08 14:21:48,6.4,53.7
2018-12-08 14:21:52,3.5,53.2
2018-12-08 14:21:55,5.5,53.2
2018-12-08 14:21:58,4.8,53.7
2018-12-08 14:22:02,7.8,52.6
2018-12-08 14:22:05,4.2,52.6
2018-12-08 14:22:08,7.4,52.6
2018-12-08 14:22:12,5,53.2
2018-12-08 14:22:15,6.7,53.2
2018-12-08 14:22:18,2.5,53.2
2018-12-08 14:22:22,4.9,53.2
2018-12-08 14:22:25,6.1,53.2
2018-12-08 14:22:28,8.5,52.6
2018-12-08 14:22:32,3.6,52.6
2018-12-08 14:22:35,6.4,53.7
2018-12-08 14:22:39,9.3,53.7
2018-12-08 14:22:42,4.1,53.2
2018-12-08 14:22:45,2.7,52.6
2018-12-08 14:22:49,4.1,52.6
2018-12-08 14:22:52,9.3,53.7
2018-12-08 14:22:56,4.7,53.7
2018-12-08 14:22:59,3.3,53.7
2018-12-08 14:23:02,6.7,53.2
2018-12-08 14:23:06,7.5,53.2
2018-12-08 14:23:09,6.1,53.2
2018-12-08 14:23:12,3.1,52.6
2018-12-08 14:23:15,6.8,52.6
2018-12-08 14:23:19,6.4,53.7
2018-12-08 14:23:22,5.7,53.2
2018-12-08 14:23:25,3.8,53.2
2018-12-08 14:23:29,9,53.7
2018-12-08 14:23:32,7.8,53.2
2018-12-08 14:23:35,7.6,52.6
2018-12-08 14:23:38,1.9,52.6
2018-12-08 14:23:42,8,52.6
2018-12-08 14:23:45,4.3,53.7
2018-12-08 14:23:48,9.2,52.6
2018-12-08 14:23:51,2.1,52.6
2018-12-08 14:23:55,9.4,53.7
2018-12-08 14:23:58,3,53.2
2018-12-08 14:24:01,5.9,53.7
2018-12-08 14:24:05,3.3,53.7
2018-12-08 14:24:08,10.7,53.7
2018-12-08 14:24:11,2.6,53.2
2018-12-08 14:24:14,5.7,53.7
2018-12-08 14:24:18,1.9,53.2
2018-12-08 14:24:21,9.7,53.7
2018-12-08 14:24:24,4.4,53.7
2018-12-08 14:24:27,7.7,53.2
2018-12-08 14:24:31,2.4,53.7
2018-12-08 14:24:34,10.5,53.2
2018-12-08 14:24:37,4.4,53.2
2018-12-08 14:24:41,5.3,53.7
2018-12-08 14:24:44,2.1,52.6
2018-12-08 14:24:47,10.9,53.7
2018-12-08 14:24:51,2,52.6
2018-12-08 14:24:54,7.6,52.6
2018-12-08 14:24:57,2.2,52.6
2018-12-08 14:25:01,10,53.2
2018-12-08 14:25:04,4,52.6
2018-12-08 14:25:07,5,52.6
2018-12-08 14:25:11,5.4,52.6
2018-12-08 14:25:14,10.7,52.6
2018-12-08 14:25:17,3.6,52.6
2018-12-08 14:25:21,3.1,51.5
2018-12-08 14:25:24,7.9,52.6
2018-12-08 14:25:28,5.2,52.6
2018-12-08 14:25:31,2.8,52.1
2018-12-08 14:25:34,4.9,52.6
2018-12-08 14:25:38,9.9,52.6
2018-12-08 14:25:41,4.5,52.1
2018-12-08 14:25:44,5.1,52.1
2018-12-08 14:25:48,3.5,52.1
2018-12-08 14:25:51,11.5,52.6
2018-12-08 14:25:54,3.5,52.1
2018-12-08 14:25:58,5.5,52.1
2018-12-08 14:26:01,4.1,52.1
2018-12-08 14:26:05,17.2,52.1
2018-12-08 14:26:08,7.3,52.1
2018-12-08 14:26:12,26.1,52.6
2018-12-08 14:26:15,5.6,52.1
2018-12-08 14:26:18,11.9,52.1
2018-12-08 14:26:21,5.2,52.1
2018-12-08 14:26:24,7.1,52.1
2018-12-08 14:26:27,5.1,52.6
2018-12-08 14:26:31,10.6,52.1
2018-12-08 14:26:34,2.2,51.5
2018-12-08 14:26:37,8.2,52.1
2018-12-08 14:26:41,5.1,51.5
2018-12-08 14:26:44,10,52.6
2018-12-08 14:26:47,5.3,51.5
2018-12-08 14:26:50,4.7,52.1
2018-12-08 14:26:54,8.4,51.5
2018-12-08 14:26:57,11.4,52.1
2018-12-08 14:27:00,1.7,51.5
2018-12-08 14:27:03,6.1,51.5
2018-12-08 14:27:06,6.2,51.5
2018-12-08 14:27:10,6.5,51.5
2018-12-08 14:27:13,3.4,52.1
2018-12-08 14:27:16,3.2,51.5
2018-12-08 14:27:19,11.6,52.1
2018-12-08 14:27:22,5.2,51.5
2018-12-08 14:27:26,6.6,51.5
2018-12-08 14:27:29,5.1,51.5
2018-12-08 14:27:32,9.5,51.5
2018-12-08 14:27:36,3.3,50.5
2018-12-08 14:27:39,8.5,51.5
2018-12-08 14:27:42,2.3,51.5
2018-12-08 14:27:46,9.9,51
2018-12-08 14:27:49,2.1,51.5
2018-12-08 14:27:53,9.7,51.5
2018-12-08 14:27:56,4.1,51.5
2018-12-08 14:27:59,12,52.1
2018-12-08 14:28:03,4.8,51
2018-12-08 14:28:06,5.8,51.5
2018-12-08 14:28:09,2,51.5
2018-12-08 14:28:12,13.3,51.5
2018-12-08 14:28:15,2.3,50.5
2018-12-08 14:28:19,7,51
2018-12-08 14:28:22,5,51.5
2018-12-08 14:28:26,10.8,51
2018-12-08 14:28:29,12,51.5
2018-12-08 14:28:32,6.8,51.5
2018-12-08 14:28:36,5.7,51.5
2018-12-08 14:28:39,12,51.5
2018-12-08 14:28:42,2.4,51.5
2018-12-08 14:28:46,6.7,52.1
2018-12-08 14:28:49,4.6,51.5
2018-12-08 14:28:52,9.8,51.5
2018-12-08 14:28:55,1.8,52.1
2018-12-08 14:28:58,7.8,51.5
2018-12-08 14:29:01,5.5,51
2018-12-08 14:29:04,9,52.1
2018-12-08 14:29:08,1.9,51.5
2018-12-08 14:29:11,6.3,52.1
2018-12-08 14:29:14,5.7,51.5
2018-12-08 14:29:18,7,51
2018-12-08 14:29:21,4.3,51.5
2018-12-08 14:29:24,3.3,51
2018-12-08 14:29:27,8.2,51.5
2018-12-08 14:29:31,6.7,51.5
2018-12-08 14:29:34,6.8,51.5
2018-12-08 14:29:37,2.1,51.5
2018-12-08 14:29:40,10.3,51.5
2018-12-08 14:29:44,3.4,51.5
2018-12-08 14:29:47,6.1,51
2018-12-08 14:29:50,2.1,51.5
2018-12-08 14:29:54,13,51.5
2018-12-08 14:29:57,3.4,51
2018-12-08 14:30:00,6.2,51.5
2018-12-08 14:30:04,1.7,51.5
2018-12-08 14:30:07,14.2,51.5
2018-12-08 14:30:10,2.8,52.1
2018-12-08 14:30:13,6.8,51.5
2018-12-08 14:30:16,1.7,52.1
2018-12-08 14:30:20,10.8,52.6
2018-12-08 14:30:23,3.5,51.5
2018-12-08 14:30:26,6.1,51.5
2018-12-08 14:30:30,1.9,51.5
2018-12-08 14:30:33,11.3,52.1
2018-12-08 14:30:36,4.5,51
2018-12-08 14:30:39,9.4,51.5
2018-12-08 14:30:43,2.4,51.5
2018-12-08 14:30:47,10.9,51.5
2018-12-08 14:30:50,2.9,51.5
2018-12-08 14:30:53,7.5,52.1
2018-12-08 14:30:56,3.4,51.5
2018-12-08 14:30:59,11.2,52.1
2018-12-08 14:31:03,3.1,51.5
2018-12-08 14:31:06,6.2,52.1
2018-12-08 14:31:10,4.8,51.5
2018-12-08 14:31:13,8.4,51.5
2018-12-08 14:31:16,3.4,51.5
2018-12-08 14:31:19,7.2,52.1
2018-12-08 14:31:22,5.6,52.1
2018-12-08 14:31:26,7.3,51.5
2018-12-08 14:31:29,2.3,52.1
2018-12-08 14:31:33,6.4,52.1
2018-12-08 14:31:36,7.2,52.6
2018-12-08 14:31:39,4.2,52.1
2018-12-08 14:31:42,5.2,51.5
2018-12-08 14:31:45,4.7,52.1
2018-12-08 14:31:49,8.8,51.5
2018-12-08 14:31:52,3.5,51.5
2018-12-08 14:31:55,7.1,52.1
2018-12-08 14:31:58,1.9,51.5
2018-12-08 14:32:01,9.8,51.5
2018-12-08 14:32:05,5,52.1
2018-12-08 14:32:08,5.8,52.6
2018-12-08 14:32:11,2.3,51.5
2018-12-08 14:32:14,9.7,52.1
2018-12-08 14:32:17,3,52.1
2018-12-08 14:32:21,8.6,52.6
2018-12-08 14:32:24,1.7,51.5
2018-12-08 14:32:27,10.8,52.1
2018-12-08 14:32:31,5.1,52.1
2018-12-08 14:32:34,7.4,52.6
2018-12-08 14:32:37,1.5,51.5
2018-12-08 14:32:41,12.4,52.1
2018-12-08 14:32:44,1.6,52.1
2018-12-08 14:32:47,6.1,52.1
2018-12-08 14:32:51,4.5,52.1
2018-12-08 14:32:54,13.9,53.2
2018-12-08 14:32:57,5,52.1
2018-12-08 14:33:00,4.1,52.1
2018-12-08 14:33:03,6,52.6
2018-12-08 14:33:06,8.3,51.5
2018-12-08 14:33:09,7.2,52.1
2018-12-08 14:33:13,3.2,52.1
2018-12-08 14:33:16,6,52.1
2018-12-08 14:33:19,8.9,52.1
2018-12-08 14:33:22,7.8,52.1
2018-12-08 14:33:26,1.7,52.1
2018-12-08 14:33:29,8.3,52.6
2018-12-08 14:33:32,7.9,52.1
2018-12-08 14:33:35,6,52.1
2018-12-08 14:33:38,5,51.5
2018-12-08 14:33:42,5.9,52.1
2018-12-08 14:33:45,7.3,52.1
2018-12-08 14:33:48,5.4,51.5
2018-12-08 14:33:51,1.9,52.1
2018-12-08 14:33:55,7.6,52.1
2018-12-08 14:33:58,7.5,52.6
2018-12-08 14:34:01,5.2,52.6
2018-12-08 14:34:04,5.1,52.1
2018-12-08 14:34:08,5.4,52.1
2018-12-08 14:34:11,9.3,52.1
2018-12-08 14:34:14,3.6,52.6
2018-12-08 14:34:17,6.9,52.1
2018-12-08 14:34:20,3.2,52.1
2018-12-08 14:34:24,10.2,52.1
2018-12-08 14:34:27,2,52.1
2018-12-08 14:34:30,5.7,52.1
2018-12-08 14:34:34,3.1,52.1
2018-12-08 14:34:37,12.1,52.6
2018-12-08 14:34:40,2,52.1
2018-12-08 14:34:43,7.2,51.5
2018-12-08 14:34:47,3.6,52.1
2018-12-08 14:34:50,11.2,52.6
2018-12-08 14:34:53,1.8,52.1
2018-12-08 14:34:57,7,51.5
2018-12-08 14:35:00,4.6,52.6
2018-12-08 14:35:03,9.1,52.1
2018-12-08 14:35:06,2.2,52.6
2018-12-08 14:35:09,6,52.6
2018-12-08 14:35:13,5.5,52.6
2018-12-08 14:35:16,11.2,52.1
2018-12-08 14:35:19,2.6,52.1
2018-12-08 14:35:22,4.6,52.1
2018-12-08 14:35:26,7.1,52.1
2018-12-08 14:35:29,5.8,52.6
2018-12-08 14:35:33,3.7,52.6
2018-12-08 14:35:36,6.3,52.6
2018-12-08 14:35:39,7.4,52.1
2018-12-08 14:35:43,6.8,52.6
2018-12-08 14:35:46,2.6,52.6
2018-12-08 14:35:49,7.6,52.6
2018-12-08 14:35:53,8.1,52.6
2018-12-08 14:35:56,5,52.6
2018-12-08 14:36:00,2,52.1
2018-12-08 14:36:03,6.8,52.6
2018-12-08 14:36:07,6.7,52.6
2018-12-08 14:36:10,5.7,52.1
2018-12-08 14:36:13,1.9,51.5
2018-12-08 14:36:17,8.6,52.6
2018-12-08 14:36:20,9.6,52.6
2018-12-08 14:36:23,6.3,52.6
2018-12-08 14:36:26,1.5,52.6
2018-12-08 14:36:33,7.6,52.6
2018-12-08 14:36:36,2.1,52.6
2018-12-08 14:36:40,6.3,52.1
2018-12-08 14:36:43,8.6,52.6
2018-12-08 14:36:47,7,52.6
2018-12-08 14:36:50,2,52.6
2018-12-08 14:36:53,6.8,52.6
2018-12-08 14:36:56,9.6,52.6
2018-12-08 14:37:00,6.9,52.6
2018-12-08 14:37:03,2,52.6
2018-12-08 14:37:06,7.5,52.6
2018-12-08 14:37:10,7.1,52.6
2018-12-08 14:37:13,8.1,52.1
2018-12-08 14:37:16,3.6,52.1
2018-12-08 14:37:19,7.5,52.6
2018-12-08 14:37:23,7,52.6
2018-12-08 14:37:26,6.2,52.6
2018-12-08 14:37:29,1.6,52.1
2018-12-08 14:37:33,9.7,52.6
2018-12-08 14:37:37,4.6,52.1
2018-12-08 14:37:40,6.9,53.2
2018-12-08 14:37:43,4.7,52.1
2018-12-08 14:37:47,9.4,53.2
2018-12-08 14:37:50,3.9,52.1
2018-12-08 14:37:53,6.9,52.6
2018-12-08 14:37:56,2.1,52.6
2018-12-08 14:38:00,8.8,52.6
2018-12-08 14:38:04,2.4,52.6
2018-12-08 14:38:07,5.9,52.6
2018-12-08 14:38:10,4.2,53.2
2018-12-08 14:38:14,12.4,52.6
2018-12-08 14:38:17,2.2,52.6
2018-12-08 14:38:20,6.7,53.2
2018-12-08 14:38:23,2.1,53.2
2018-12-08 14:38:27,11.8,52.6
2018-12-08 14:38:30,3.9,52.6
2018-12-08 14:38:34,7.1,52.6
2018-12-08 14:38:37,5.2,52.6
2018-12-08 14:38:41,8.9,52.6
2018-12-08 14:38:44,4.4,53.2
2018-12-08 14:38:47,6.1,52.6
2018-12-08 14:38:50,4.4,52.6
2018-12-08 14:38:54,8,52.6
2018-12-08 14:38:57,4.5,52.6
2018-12-08 14:39:01,7,52.6
2018-12-08 14:39:04,9.3,53.2
2018-12-08 14:39:07,9,53.2
2018-12-08 14:39:11,4,52.6
2018-12-08 14:39:14,7.1,52.1
2018-12-08 14:39:18,8.1,52.1
2018-12-08 14:39:21,6.7,52.6
2018-12-08 14:39:24,2.1,52.1
2018-12-08 14:39:28,8.7,52.6
2018-12-08 14:39:31,9.3,52.6
2018-12-08 14:39:35,5.8,52.6
2018-12-08 14:39:38,4.2,52.1
2018-12-08 14:39:41,8.5,52.6
2018-12-08 14:39:44,5.2,52.6
2018-12-08 14:39:48,8,52.1
2018-12-08 14:39:51,2.3,52.1
2018-12-08 14:39:54,8.6,52.6
2018-12-08 14:39:58,6.3,52.6
2018-12-08 14:40:01,6.6,52.6
2018-12-08 14:40:04,1.8,52.1
2018-12-08 14:40:08,10,52.6
2018-12-08 14:40:11,5.3,52.6
2018-12-08 14:40:14,7.5,52.6
2018-12-08 14:40:18,2,52.6
2018-12-08 14:40:21,10.5,53.2
2018-12-08 14:40:24,3,52.6
2018-12-08 14:40:27,6.5,52.6
2018-12-08 14:40:31,4.4,52.6
2018-12-08 14:40:34,11.4,52.6
2018-12-08 14:40:38,3.4,52.1
2018-12-08 14:40:41,5.9,52.6
2018-12-08 14:40:44,3.6,53.7
2018-12-08 14:40:48,9.9,53.2
2018-12-08 14:40:51,4.3,52.6
2018-12-08 14:40:54,7.6,52.6
2018-12-08 14:40:58,3.7,53.2
2018-12-08 14:41:01,9.3,52.6
2018-12-08 14:41:05,1.8,52.6
2018-12-08 14:41:08,6.7,52.6
2018-12-08 14:41:12,6.9,53.2
2018-12-08 14:41:15,8,53.2
2018-12-08 14:41:18,3.4,52.6
2018-12-08 14:41:22,6.8,52.6
2018-12-08 14:41:25,7.1,52.6
2018-12-08 14:41:28,5.9,52.1
2018-12-08 14:41:32,14.4,53.2
2018-12-08 14:41:35,5,53.2
2018-12-08 14:41:39,9,53.2
2018-12-08 14:41:42,6.6,52.6
2018-12-08 14:41:46,2,52.6
2018-12-08 14:41:49,7.2,53.2
2018-12-08 14:41:52,4.7,52.6
2018-12-08 14:41:56,7.4,53.7
2018-12-08 14:41:59,2.9,52.6
2018-12-08 14:42:03,10.4,53.7
2018-12-08 14:42:06,5.8,52.6
2018-12-08 14:42:10,7.3,52.6
2018-12-08 14:42:13,2.8,52.6
2018-12-08 14:42:16,11.3,53.7
2018-12-08 14:42:19,2.5,52.6
2018-12-08 14:42:22,5.9,52.6
2018-12-08 14:42:26,4.3,52.6
2018-12-08 14:42:29,18.1,53.7
2018-12-08 14:42:33,2.5,53.2
2018-12-08 14:42:36,7.8,53.2
2018-12-08 14:42:39,1.8,53.2
2018-12-08 14:42:43,13.7,53.7
2018-12-08 14:42:46,3.8,53.2
2018-12-08 14:42:49,5.8,53.7
2018-12-08 14:42:53,5,53.2
2018-12-08 14:42:56,10.8,53.2
2018-12-08 14:42:59,4.1,53.7
2018-12-08 14:43:03,5.6,52.6
2018-12-08 14:43:06,5.6,53.2
2018-12-08 14:43:10,7.5,53.2
2018-12-08 14:43:13,2.2,52.6
2018-12-08 14:43:16,5.1,53.7
2018-12-08 14:43:20,5.9,53.2
2018-12-08 14:43:23,8.2,53.2
2018-12-08 14:43:26,1.9,53.2
2018-12-08 14:43:30,6.6,53.2
2018-12-08 14:43:33,7.8,53.2
2018-12-08 14:43:36,5.8,53.7
2018-12-08 14:43:40,2.1,52.6
2018-12-08 14:43:43,5.2,53.2
2018-12-08 14:43:47,7.1,52.6
2018-12-08 14:43:50,8.6,53.7
2018-12-08 14:43:54,1.7,53.2
2018-12-08 14:43:57,7,53.2
2018-12-08 14:44:01,4.8,53.2
2018-12-08 14:44:04,7.2,53.2
2018-12-08 14:44:08,3.4,52.6
2018-12-08 14:44:11,13.7,53.7
2018-12-08 14:44:14,3.2,52.6
2018-12-08 14:44:18,5.5,53.7
2018-12-08 14:44:21,4.7,53.2
2018-12-08 14:44:24,11.5,53.2
2018-12-08 14:44:27,2.6,52.6
2018-12-08 14:44:31,8.4,53.2
2018-12-08 14:44:35,2.1,53.2
2018-12-08 14:44:38,11.5,53.7
2018-12-08 14:44:41,2.3,53.7
2018-12-08 14:44:44,6.7,53.2
2018-12-08 14:44:48,5.1,52.6
2018-12-08 14:44:51,12.6,53.7
2018-12-08 14:44:55,1.8,52.6
2018-12-08 14:44:58,6.7,53.2
2018-12-08 14:45:02,4.7,53.2
2018-12-08 14:45:05,8.7,53.7
2018-12-08 14:45:08,4.5,53.7
2018-12-08 14:45:11,6.6,53.7
2018-12-08 14:45:15,5.2,53.7
2018-12-08 14:45:18,8,53.7
2018-12-08 14:45:21,4.1,53.2
2018-12-08 14:45:24,7.8,53.7
2018-12-08 14:45:28,6.1,53.2
2018-12-08 14:45:31,6.1,53.2
2018-12-08 14:45:34,6.8,52.6
2018-12-08 14:45:37,2.5,52.6
2018-12-08 14:45:41,9,53.2
2018-12-08 14:45:44,5.6,53.7
2018-12-08 14:45:47,5.6,53.7
2018-12-08 14:45:50,2,52.6
2018-12-08 14:45:54,11.2,53.2
2018-12-08 14:45:57,5.5,53.2
2018-12-08 14:46:00,6,53.7
2018-12-08 14:46:04,2.3,52.6
2018-12-08 14:46:07,13.5,53.2
2018-12-08 14:46:11,2.9,53.2
2018-12-08 14:46:14,3.8,53.2
2018-12-08 14:46:17,3.4,53.7
2018-12-08 14:46:21,10.6,53.2
2018-12-08 14:46:24,4.2,52.6
2018-12-08 14:46:27,6.9,53.7
2018-12-08 14:46:30,3.1,53.2
2018-12-08 14:46:34,11.6,53.2
2018-12-08 14:46:37,2.2,53.7
2018-12-08 14:46:40,6.6,52.6
2018-12-08 14:46:43,3.7,53.7
2018-12-08 14:46:47,11.8,53.7
2018-12-08 14:46:50,1.7,53.7
2018-12-08 14:46:53,7.2,52.6
2018-12-08 14:46:56,4.1,53.7
2018-12-08 14:46:59,9.7,53.7
2018-12-08 14:47:03,1.8,53.2
2018-12-08 14:47:06,3.8,53.7
2018-12-08 14:47:09,6.4,53.2
2018-12-08 14:47:12,6.6,53.7
2018-12-08 14:47:15,5.9,53.7
2018-12-08 14:47:18,2.2,53.2
2018-12-08 14:47:22,8.7,53.7
2018-12-08 14:47:25,14.1,53.7
2018-12-08 14:47:28,6.5,53.7
2018-12-08 14:47:32,2.1,53.7
2018-12-08 14:47:35,9.3,53.7
2018-12-08 14:47:38,6.9,53.7
2018-12-08 14:47:41,5,53.7
2018-12-08 14:47:44,2.1,52.6
2018-12-08 14:47:48,7.8,53.7
2018-12-08 14:47:51,5.4,53.7
2018-12-08 14:47:54,8.1,53.2
2018-12-08 14:47:57,2.1,53.7
2018-12-08 14:48:00,9.1,53.7
2018-12-08 14:48:04,6,53.2
2018-12-08 14:48:07,6.6,53.7
2018-12-08 14:48:10,2.2,53.7
2018-12-08 14:48:13,7.9,53.7
2018-12-08 14:48:16,4.7,53.7
2018-12-08 14:48:20,6.3,53.2
2018-12-08 14:48:23,4.9,53.2
2018-12-08 14:48:26,4.5,53.2
2018-12-08 14:48:29,11.4,53.7
2018-12-08 14:48:33,7.4,53.7
2018-12-08 14:48:36,4.8,53.7
2018-12-08 14:48:39,5.5,53.7
2018-12-08 14:48:43,6.3,54.2
2018-12-08 14:48:46,5.2,53.2
2018-12-08 14:48:49,6.4,53.7
2018-12-08 14:48:52,4.7,53.7
2018-12-08 14:48:55,7.7,53.2
2018-12-08 14:48:58,1.7,53.7
2018-12-08 14:49:02,6.4,53.2
2018-12-08 14:49:05,5,53.2
2018-12-08 14:49:08,9.2,53.7
2018-12-08 14:49:11,1.9,53.7
2018-12-08 14:49:15,5.9,53.7
2018-12-08 14:49:18,5.1,53.7
2018-12-08 14:49:21,10.2,53.7
2018-12-08 14:49:24,1.8,53.7
2018-12-08 14:49:28,6,53.7
2018-12-08 14:49:31,5.8,53.7
2018-12-08 14:49:34,8.2,53.7
2018-12-08 14:49:38,4,53.2
2018-12-08 14:49:41,7.2,53.7
2018-12-08 14:49:44,7.6,53.7
2018-12-08 14:49:48,7.4,53.7
2018-12-08 14:49:51,2.2,53.7
2018-12-08 14:49:54,3.4,53.2
2018-12-08 14:49:57,11.1,53.7
2018-12-08 14:50:00,2.5,53.7
2018-12-08 14:50:03,7.9,53.7
2018-12-08 14:50:07,2.2,53.7
2018-12-08 14:50:10,12.3,53.7
2018-12-08 14:50:13,2.6,53.2
2018-12-08 14:50:16,6.2,53.7
2018-12-08 14:50:19,1.9,53.7
2018-12-08 14:50:23,10.1,54.2
2018-12-08 14:50:26,2,53.7
2018-12-08 14:50:30,6.3,53.2
2018-12-08 14:50:33,3.9,53.7
2018-12-08 14:50:36,12.3,53.7
2018-12-08 14:50:39,5.2,53.7
2018-12-08 14:50:42,8,53.7
2018-12-08 14:50:46,20,54.2
2018-12-08 14:50:49,13.2,54.2
2018-12-08 14:50:52,2,53.7
2018-12-08 14:50:55,7.6,53.7
2018-12-08 14:50:58,2.5,53.7
2018-12-08 14:51:02,10.1,53.7
2018-12-08 14:51:05,2.7,53.2
2018-12-08 14:51:08,7.9,53.2
2018-12-08 14:51:12,3,53.7
2018-12-08 14:51:15,10.9,54.2
2018-12-08 14:51:18,4.7,53.7
2018-12-08 14:51:21,4.3,52.6
2018-12-08 14:51:25,5.2,53.7
2018-12-08 14:51:28,7.4,53.7
2018-12-08 14:51:31,6.2,53.7
2018-12-08 14:51:34,4.7,53.7
2018-12-08 14:51:37,11,53.7
2018-12-08 14:51:40,8.3,54.2
2018-12-08 14:51:43,5.7,53.7
2018-12-08 14:51:47,2.1,53.7
2018-12-08 14:51:50,6,53.7
2018-12-08 14:51:53,8,54.2
2018-12-08 14:51:56,6.4,53.7
2018-12-08 14:51:59,3.4,53.7
2018-12-08 14:52:03,8,53.7
2018-12-08 14:52:06,6.8,53.7
2018-12-08 14:52:09,6.5,53.7
2018-12-08 14:52:12,2.1,53.7
2018-12-08 14:52:15,5.5,53.7
2018-12-08 14:52:19,9.9,53.7
2018-12-08 14:52:22,3.5,53.7
2018-12-08 14:52:25,4.5,53.7
2018-12-08 14:52:28,2.7,53.7
2018-12-08 14:52:31,12,53.7
2018-12-08 14:52:35,4,53.7
2018-12-08 14:52:38,7.9,53.7
2018-12-08 14:52:41,2.4,53.7
2018-12-08 14:52:44,10.1,54.2
2018-12-08 14:52:48,3.8,53.7
2018-12-08 14:52:51,6.7,53.7
2018-12-08 14:52:54,2.7,53.2
2018-12-08 14:52:57,9.5,54.2
2018-12-08 14:53:01,2.1,54.2
2018-12-08 14:53:04,8.4,53.7
2018-12-08 14:53:07,3.7,53.7
2018-12-08 14:53:10,11.2,54.2
2018-12-08 14:53:14,1.7,53.7
2018-12-08 14:53:17,7.6,53.7
2018-12-08 14:53:20,3.8,53.7
2018-12-08 14:53:24,8.6,54.2
2018-12-08 14:53:27,2.1,54.2
2018-12-08 14:53:31,5.8,54.8
2018-12-08 14:53:34,5.1,54.2
2018-12-08 14:53:37,7.5,54.2
2018-12-08 14:53:41,4.5,53.7
2018-12-08 14:53:44,7.4,53.7
2018-12-08 14:53:47,7.2,54.2
2018-12-08 14:53:51,5.8,53.7
2018-12-08 14:53:54,2.1,53.7
2018-12-08 14:53:58,7.9,53.7
2018-12-08 14:54:01,7.3,54.2
2018-12-08 14:54:04,6.8,53.7
2018-12-08 14:54:08,2,54.2
2018-12-08 14:54:11,7.5,53.7
2018-12-08 14:54:14,7.6,54.2
2018-12-08 14:54:17,6.7,54.8
2018-12-08 14:54:21,2.3,53.7
2018-12-08 14:54:24,7.2,54.2
2018-12-08 14:54:28,5,54.2
2018-12-08 14:54:31,5.7,54.2
2018-12-08 14:54:34,4.3,53.7
2018-12-08 14:54:38,8.8,53.7
2018-12-08 14:54:41,4.4,53.7
2018-12-08 14:54:44,6.7,53.7
2018-12-08 14:54:47,4.1,53.7
2018-12-08 14:54:50,10.1,54.2
2018-12-08 14:54:53,5.4,53.7
2018-12-08 14:54:57,6.9,54.2
2018-12-08 14:55:00,3.2,54.2
2018-12-08 14:55:03,5.3,54.2
2018-12-08 14:55:06,10.6,53.7
2018-12-08 14:55:09,2,53.7
2018-12-08 14:55:13,4.6,53.7
2018-12-08 14:55:16,4.5,53.7
2018-12-08 14:55:19,8.8,53.7
2018-12-08 14:55:23,2.2,53.7
2018-12-08 14:55:26,5.9,54.8
2018-12-08 14:55:29,5.6,54.2
2018-12-08 14:55:33,6,53.7
2018-12-08 14:55:37,6.1,54.8
2018-12-08 14:55:41,5.9,54.2
2018-12-08 14:55:44,9.6,54.2
2018-12-08 14:55:48,2,54.2
2018-12-08 14:55:51,6.4,54.2
2018-12-08 14:55:54,5,53.2
2018-12-08 14:55:57,10.2,54.8
2018-12-08 14:56:01,2.2,53.7
2018-12-08 14:56:04,5.5,53.7
2018-12-08 14:56:07,4.7,54.2
2018-12-08 14:56:11,9.7,54.2
2018-12-08 14:56:14,2,53.7
2018-12-08 14:56:17,4.9,53.7
2018-12-08 14:56:21,10.3,53.7
2018-12-08 14:56:24,4.1,54.2
2018-12-08 14:56:27,4.3,53.7
2018-12-08 14:56:31,6.3,53.7
2018-12-08 14:56:34,9.8,54.2
2018-12-08 14:56:37,3.3,54.2